Workbook

Sheet Casos de uso
A1: Casos de uso - plantilla Product Owner IZI PARK
A2: Una fila por caso de uso. Usá IDs estables, texto de negocio verificable y ejemplos ficticios; este workbook no reemplaza el SRS ni la verdad transaccional.
A3: Las celdas admiten saltos de línea. Separá IDs múltiples con coma, por ejemplo REQ-EJEMPLO-001, RN-EJEMPLO-002. No ingreses teléfonos, patentes, ubicaciones, pagos, credenciales ni secretos reales. Leyenda: encabezado naranja oscuro = obligatorio; encabezado azul = opcional.
A5: ID_Caso_Uso | B5: Nombre | C5: Objetivo | D5: Actor_Principal | E5: Actores_Secundarios | F5: Disparador | G5: Precondiciones | H5: Postcondiciones_Exito | I5: Postcondiciones_Error | J5: Alcance_Incluye | K5: Fuera_de_Alcance | L5: Prioridad | M5: Estado | N5: Responsable | O5: Version | P5: Version_Objetivo | Q5: Reglas_Negocio_IDs | R5: Requerimientos_IDs | S5: Datos_Involucrados | T5: Dependencias | U5: Supuestos | V5: Decisiones_Pendientes | W5: Criterios_Aceptacion | X5: Referencias_Visuales | Y5: Notas_PO | Z5: Vinculos_Matriz | AA5: Cobertura
A6: CU-EJEMPLO-001 | B6: Reservar cochera ficticia con hold | C6: Validar que una persona conductora pueda revisar una alternativa de casa reservable ficticia y avanzar a trazabilidad PO sin ejecutar pagos reales. | D6: Conductor | E6: Anfitrión ficticio, Sistema local | F6: La persona elige una casa de prueba desde resultados simulados. | G6: Existe una alternativa ficticia marcada como publicada y reservable. | H6: Se registra intención de hold mock y se muestra continuidad hacia checkout ficticio. | I6: Si no hay casa reservable, el flujo vuelve a orientación sin reserva ni cobro. | J6: Búsqueda, llegada, hold mock, checkout simulado y recibo demo. | K6: GPS real, pagos reales, bloqueo real de disponibilidad, datos personales reales. | L6: Must | M6: Borrador | N6: PO ejemplo | O6: 0.1 | P6: 0.2 | Q6: RN-EJEMPLO-001 | R6: REQ-EJEMPLO-001 | S6: Destino ficticio; alternativa demo; estado local | T6: Index prototype | U6: La disponibilidad es simulada. | V6: Confirmar copy final del hold. | W6: Dado un hold mock vigente, cuando se acepta el checkout ficticio, entonces se muestra confirmación demo sin pago real. | X6: IZI-HOUSE-ARRIVAL-01, IZI-HOLD-01, IZI-MOCK-CHECKOUT-01 | Y6: Fila ficticia para demostrar trazabilidad. | Z6: =COUNTIF(Matriz!C:C,A6) | AA6: =IF(Z6>0,"Cubierto","Sin vínculo")
Z7: =COUNTIF(Matriz!C:C,A7) | AA7: =IF(Z7>0,"Cubierto","Sin vínculo")
Z8: =COUNTIF(Matriz!C:C,A8) | AA8: =IF(Z8>0,"Cubierto","Sin vínculo")
Z9: =COUNTIF(Matriz!C:C,A9) | AA9: =IF(Z9>0,"Cubierto","Sin vínculo")
Z10: =COUNTIF(Matriz!C:C,A10) | AA10: =IF(Z10>0,"Cubierto","Sin vínculo")
Z11: =COUNTIF(Matriz!C:C,A11) | AA11: =IF(Z11>0,"Cubierto","Sin vínculo")
Z12: =COUNTIF(Matriz!C:C,A12) | AA12: =IF(Z12>0,"Cubierto","Sin vínculo")
Z13: =COUNTIF(Matriz!C:C,A13) | AA13: =IF(Z13>0,"Cubierto","Sin vínculo")
Z14: =COUNTIF(Matriz!C:C,A14) | AA14: =IF(Z14>0,"Cubierto","Sin vínculo")
Z15: =COUNTIF(Matriz!C:C,A15) | AA15: =IF(Z15>0,"Cubierto","Sin vínculo")
Z16: =COUNTIF(Matriz!C:C,A16) | AA16: =IF(Z16>0,"Cubierto","Sin vínculo")
Z17: =COUNTIF(Matriz!C:C,A17) | AA17: =IF(Z17>0,"Cubierto","Sin vínculo")
Z18: =COUNTIF(Matriz!C:C,A18) | AA18: =IF(Z18>0,"Cubierto","Sin vínculo")
... Z205: =COUNTIF(Matriz!C:C,A205) | AA205: =IF(Z205>0,"Cubierto","Sin vínculo")

Sheet Flujos
A1: Flujos - pasos principales, alternativos y excepciones
A2: Una fila por paso. Los pasos alternativos o de excepción deben indicar el Paso_Origen del flujo principal. Usá IDs ficticios y estables.
A3: Las celdas descriptivas pueden ser multilínea. Separá IDs con coma. No documentes datos reales de personas, vehículos, pagos o credenciales. Leyenda: encabezado naranja oscuro = obligatorio; encabezado azul = opcional.
A5: ID_Paso | B5: ID_Caso_Uso | C5: Tipo_Flujo | D5: Codigo_Flujo | E5: Paso_Origen | F5: Orden | G5: Actor | H5: Accion_Actor | I5: Respuesta_Sistema | J5: Condicion | K5: Estado_Final | L5: Requerimientos_IDs | M5: Reglas_Negocio_IDs | N5: Datos | O5: Referencias_Visuales | P5: Notas_PO
A6: FL-EJEMPLO-001 | B6: CU-EJEMPLO-001 | C6: Principal | D6: PRI-01 | F6: 1 | G6: Conductor | H6: Selecciona la alternativa ficticia de casa reservable y toca reservar. | I6: El sistema muestra una ventana de hold local simulada y mantiene copia de que no hay pago real. | J6: Casa publicada y reservable en datos de demo. | K6: Hold mock visible | L6: REQ-EJEMPLO-001 | M6: RN-EJEMPLO-001 | N6: iziParkMockHold ficticio | O6: IZI-HOUSE-ARRIVAL-01, IZI-HOLD-01 | P6: Ejemplo alineado con CU-EJEMPLO-001.

Sheet Requerimientos
A1: Requerimientos - clasificación y evidencia PO
A2: Una fila por requisito verificable. Clasificá tipo, prioridad y estado con listas controladas; dejá trazabilidad con la hoja Matriz.
A3: Usá descripciones verificables y referencias visuales estables separadas por coma. No incluyas URLs privadas, credenciales ni datos reales. Leyenda: encabezado naranja oscuro = obligatorio; encabezado azul = opcional.
A5: ID_Requerimiento | B5: Tipo | C5: Titulo | D5: Descripcion_Verificable | E5: Justificacion | F5: Prioridad | G5: Estado | H5: Criterio_Aceptacion | I5: Fuente | J5: Responsable | K5: Version_Objetivo | L5: Dependencias | M5: Riesgos | N5: Referencias_Visuales | O5: Notas_PO | P5: Vinculos_Matriz | Q5: Cobertura
A6: REQ-EJEMPLO-001 | B6: RF | C6: Hold mock para casa reservable ficticia | D6: El prototipo debe mostrar una ventana de hold local cuando el caso de uso ficticio selecciona una casa publicada y reservable. | E6: Permite validar intención de reserva sin afirmar disponibilidad ni pago real. | F6: Must | G6: Borrador | H6: Dado CU-EJEMPLO-001, cuando se activa el paso FL-EJEMPLO-001, entonces existe un vínculo en Matriz y la cobertura del requisito queda Cubierto. | I6: Task PO workbook | J6: PO ejemplo | K6: 0.2 | L6: CU-EJEMPLO-001 | M6: Confundir ejemplo con verdad de producto. | N6: IZI-HOLD-01 | O6: Fila ficticia alineada con matriz. | P6: =COUNTIF(Matriz!B:B,A6) | Q6: =IF(P6>0,"Cubierto","Sin vínculo")
P7: =COUNTIF(Matriz!B:B,A7) | Q7: =IF(P7>0,"Cubierto","Sin vínculo")
P8: =COUNTIF(Matriz!B:B,A8) | Q8: =IF(P8>0,"Cubierto","Sin vínculo")
P9: =COUNTIF(Matriz!B:B,A9) | Q9: =IF(P9>0,"Cubierto","Sin vínculo")
P10: =COUNTIF(Matriz!B:B,A10) | Q10: =IF(P10>0,"Cubierto","Sin vínculo")
P11: =COUNTIF(Matriz!B:B,A11) | Q11: =IF(P11>0,"Cubierto","Sin vínculo")
P12: =COUNTIF(Matriz!B:B,A12) | Q12: =IF(P12>0,"Cubierto","Sin vínculo")
P13: =COUNTIF(Matriz!B:B,A13) | Q13: =IF(P13>0,"Cubierto","Sin vínculo")
P14: =COUNTIF(Matriz!B:B,A14) | Q14: =IF(P14>0,"Cubierto","Sin vínculo")
P15: =COUNTIF(Matriz!B:B,A15) | Q15: =IF(P15>0,"Cubierto","Sin vínculo")
P16: =COUNTIF(Matriz!B:B,A16) | Q16: =IF(P16>0,"Cubierto","Sin vínculo")
P17: =COUNTIF(Matriz!B:B,A17) | Q17: =IF(P17>0,"Cubierto","Sin vínculo")
P18: =COUNTIF(Matriz!B:B,A18) | Q18: =IF(P18>0,"Cubierto","Sin vínculo")
... P205: =COUNTIF(Matriz!B:B,A205) | Q205: =IF(P205>0,"Cubierto","Sin vínculo")

Sheet Matriz
A1: Matriz - trazabilidad normalizada requisito/caso/flujo
A2: Una fila por relación entre requisito, caso de uso y opcionalmente paso. Esta hoja alimenta las fórmulas de cobertura.
A3: Usá IDs separados por filas, no múltiples relaciones en una sola celda. Las evidencias deben ser refs o notas ficticias, nunca datos sensibles reales. Leyenda: encabezado naranja oscuro = obligatorio; encabezado azul = opcional.
A5: ID_Relacion | B5: ID_Requerimiento | C5: ID_Caso_Uso | D5: ID_Paso | E5: Tipo_Relacion | F5: Estado_Cobertura | G5: Evidencia_Referencia | H5: Observaciones | I5: Responsable | J5: Estado_Revision
A6: REL-EJEMPLO-001 | B6: REQ-EJEMPLO-001 | C6: CU-EJEMPLO-001 | D6: FL-EJEMPLO-001 | E6: Principal | F6: Completa | G6: IZI-HOLD-01 | H6: Relación ficticia para demostrar cobertura y trazabilidad. | I6: PO ejemplo | J6: Pendiente
